time,cdf
0.0,0.0
0.25,3.445990622729378E-4
0.5,0.0013465703402750218
0.75,0.0029602987581872076
1.0,0.005142870407538275
1.25,0.007853917148838513
1.5,0.011055470100894832
1.75,0.014711821510112771
2.0,0.018789394521087965
2.25,0.023256620397126893
2.5,0.02808382276511459
2.75,0.033243108483448136
3.0,0.038708264754677396
3.25,0.044454662126094696
3.5,0.05045916304189797
3.75,0.05670003562975426
4.0,0.06315687242271038
4.25,0.0698105137344762
4.5,0.07664297542220033
4.75,0.08363738078606187
5.0,0.09077789636929572
5.25,0.09804967143578779
5.5,0.10543878091509301
5.75,0.1129321716167378
6.0,0.12051761152698016
6.25,0.12818364201187343
6.5,0.1359195327605425
6.75,0.1437152393120606
7.0,0.15156136301826703
7.25,0.15944911330329595
7.5,0.16737027208853986
7.75,0.17531716025926578
8.0,0.1832826060561797
8.25,0.1912599152818928
8.5,0.19924284321853203
8.75,0.20722556815866558
9.0,0.2152026664572991
9.25,0.22316908901796728
9.5,0.23112013913091592
9.75,0.23905145158605232
10.0,0.2469589729877583
10.25,0.25483894320282535
10.5,0.2626878778766973
10.75,0.27050255195691014
11.0,0.2782799841661081
11.25,0.2860174223703061
11.5,0.2937123297911751
11.75,0.30136237201404986
12.0,0.30896540474612133
12.25,0.31651946228187455
12.5,0.32402274663528735
12.75,0.33147361730062047
13.0,0.33887058160580463
13.25,0.34621228562449413
13.5,0.3534975056147886
13.75,0.36072513995445754
14.0,0.3678942015442234
14.25,0.3750038106522859
14.5,0.3820531881747998
14.75,0.3890416492884696
15.0,0.39596859747277896
15.25,0.4028335188806635
15.5,0.40963597703764404
15.75,0.4163756078505814
16.0,0.42305211490828737
16.25,0.4296652650572455
16.5,0.4362148842366504
16.75,0.4427008535578789
17.0,0.44912310561435365
17.25,0.455481621008568
17.5,0.46177642508379263
17.75,0.46800758484869975
18.0,0.4741752060838151
18.25,0.4802794306193376
18.5,0.4863204337744709
18.75,0.49229842194896906
19.0,0.4982136303581334
19.25,0.5040663209029985
19.5,0.5098567801679184
19.75,0.5155853175382062
20.0,0.521252263430907
20.25,0.5268579676321745
20.5,0.5324027977350959
20.75,0.5378871376721666
21.0,0.5433113863369424
21.25,0.5486759562897136
21.5,0.5539812725423384
21.75,0.559227771417656
22.0,0.5644158994791527
22.25,0.5695461125268154
22.5,0.5746188746553261
22.75,0.5796346573709811
23.0,0.5845939387639234
23.25,0.5894972027324679
23.5,0.5943449382564894
23.75,0.5991376387170156
24.0,0.6038758012593286
24.25,0.6085599261970344
24.5,0.6131905164547093
24.75,0.6177680770468625
25.0,0.6222931145910889
25.25,0.6267661368534074
25.5,0.6311876523238941
25.75,0.6355581698208277
26.0,0.6398781981216694
26.25,0.6441482456192927
26.5,0.6483688200019752
26.75,0.6525404279557394
27.0,0.6566635748877252
27.25,0.6607387646693401
27.5,0.6647664993980114
27.75,0.6687472791764322
28.0,0.6726816019082542
28.25,0.6765699631092442
28.5,0.6804128557329739
28.75,0.68421077001017
29.0,0.6879641933008998
29.25,0.6916736099588142
29.5,0.6953395012067207
29.75,0.6989623450227905
30.0,0.7025426160367558
30.25,0.7060807854354825
30.5,0.7095773208773416
30.75,0.7130326864148384
31.0,0.7164473424249849
31.25,0.7198217455469358
31.5,0.7231563486264327
31.75,0.7264516006666306
32.0,0.7297079467849011
32.25,0.7329258281752375
32.5,0.7361056820758991
32.75,0.7392479417419646
33.0,0.7423530364224723
33.25,0.7454213913418526
33.5,0.748453427685371
33.75,0.751449562588318
34.0,0.7544102091286946
34.25,0.757335776323164
34.5,0.7602266691260444
34.75,0.7630832884311388
35.0,0.7659060310762054
35.25,0.7686952898498848
35.5,0.7714514535009127
35.75,0.774174906749454
36.0,0.7768660303004066
36.25,0.7795252008585303
36.5,0.7821527911452677
36.75,0.7847491699171273
37.0,0.7873147019855113
37.25,0.789849748237876
37.5,0.7923546656601175
37.75,0.7948298073600855
38.0,0.7972755225921317
38.25,0.7996921567826056
38.5,0.8020800515562132
38.75,0.8044395447631649
39.0,0.8067709705070402
39.25,0.8090746591732959
39.5,0.8113509374583633
39.75,0.813600128399265
40.0,0.815822551403703
40.25,0.8180185222805606
40.5,0.820188353270772
40.75,0.8223323530785112
41.0,0.8244508269026588
41.25,0.826544076468506
41.5,0.8286124000596569
41.75,0.8306560925500942
42.0,0.832675445436378
42.25,0.8346707468699406
42.5,0.8366422816894561
42.75,0.8385903314532518
43.0,0.8405151744717391
43.25,0.8424170858398404
43.5,0.84429633746939
43.75,0.8461531981214873
44.0,0.8479879334387865
44.25,0.8498008059777022
44.5,0.8515920752405162
44.75,0.8533619977073702
45.0,0.8551108268681302
45.25,0.8568388132541102
45.5,0.8585462044696417
45.75,0.8602332452234807
46.0,0.8619001773600385
46.25,0.8635472398904309
46.5,0.865174669023333
46.75,0.8667826981956354
47.0,0.8683715581028928
47.25,0.8699414767295581
47.5,0.871492679378997
47.75,0.8730253887032775
48.0,0.8745398247327287
48.25,0.8760362049052655
48.5,0.8775147440954744
48.75,0.878975654643458
49.0,0.8804191463834325
49.25,0.8818454266720802
49.5,0.883254700416649
49.75,0.8846471701028013
50.0,0.8860230358222083
50.25,0.8873824952998891
50.5,0.888725743921293
50.75,0.890052974759124
51.0,0.8913643785999086
51.25,0.8926601439703022
51.5,0.8939404571631399
51.75,0.8952055022632256
52.0,0.8964554611728645
52.25,0.897690513637135
52.5,0.8989108372689049
52.75,0.9001166075735877
53.0,0.9013079979736445
53.25,0.9024851798328279
53.5,0.9036483224801736
53.75,0.9047975932337347
54.0,0.905933157424067
54.25,0.9070551784174608
54.5,0.9081638176389233
54.75,0.9092592345949122
55.0,0.9103415868958226
55.25,0.9114110302782279
55.5,0.9124677186268783
55.75,0.9135118039964543
56.0,0.9145434366330831
56.25,0.9155627649956135
56.5,0.9165699357766562
56.75,0.9175650939233875
57.0,0.9185483826581204
57.25,0.9195199434986452
57.5,0.9204799162783399
57.75,0.9214284391660537
58.0,0.922365648685766
58.25,0.9232916797360203
58.5,0.9242066656091392
58.75,0.9251107380102183
59.0,0.9260040270759035
59.25,0.926886661392954
59.5,0.9277587680165909
59.75,0.9286204724886361
60.0,0.9294718988554413
60.25,0.9303131696856106
60.5,0.9311444060875188
60.75,0.9319657277266251
61.0,0.932777252842589
61.25,0.9335790982661853
61.5,0.9343713794360236
61.75,0.9351542104150722
62.0,0.935927703906992
62.25,0.9366919712722767
62.5,0.9374471225442073
62.75,0.9381932664446186
63.0,0.9389305103994825
63.25,0.9396589605543068
63.5,0.9403787217893564
63.75,0.9410898977346943
64.0,0.9417925907850462
64.25,0.9424869021144903
64.5,0.9431729316909757
64.75,0.943850778290669
65.0,0.9445205395121323
65.25,0.9451823117903337
65.5,0.9458361904104944
65.75,0.9464822695217704
66.0,0.9471206421507743
66.25,0.9477514002149372
66.5,0.9483746345357125
66.75,0.9489904348516238
67.0,0.949598889831159
67.25,0.9502000870855116
67.5,0.950794113181171
67.75,0.9513810536523648
68.0,0.9519609930133525
68.25,0.9525340147705751
68.5,0.953100201434659
68.75,0.95365963453228
69.0,0.9542123946178838
69.25,0.9547585612852706
69.5,0.9552982131790397
69.75,0.9558314280059
70.0,0.9563582825458455
70.25,0.9568788526631984
70.5,0.9573932133175211
70.75,0.957901438574399
71.0,0.9584036016160943
71.25,0.9588997747520741
71.5,0.9593900294294132
71.75,0.959874436243073
72.0,0.9603530649460587
72.25,0.9608259844594552
72.5,0.9612932628823445
72.75,0.9617549675016039
73.0,0.9622111648015892
73.25,0.9626619204737014
73.5,0.9631072994258405
73.75,0.9635473657917464
74.0,0.9639821829402285
74.25,0.9644118134842862
74.5,0.9648363192901199
74.75,0.9652557614860354
75.0,0.9656702004712422
75.25,0.9660796959245466
75.5,0.9664843068129421
75.75,0.9668840914000969
76.0,0.9672791072547405
76.25,0.9676694112589507
76.5,0.9680550596163409
76.75,0.9684361078601516
77.0,0.9688126108612437
77.25,0.9691846228359983
77.5,0.9695521973541206
77.75,0.9699153873463521
78.0,0.9702742451120911
78.25,0.9706288223269212
78.5,0.9709791700500506
78.75,0.9713253387316639
79.0,0.9716673782201841
79.25,0.9720053377694503
79.5,0.9723392660458077
79.75,0.9726692111351155
80.0,0.972995220549669
80.25,0.9733173412350408
80.5,0.9736356195768391
80.75,0.973950101407387
81.0,0.9742608320123212
81.25,0.9745678561371115
81.5,0.9748712179935042
81.75,0.9751709612658871
82.0,0.9754671291175799
82.25,0.9757597641970484
82.5,0.9760489086440454
82.75,0.9763346040956786
83.0,0.976616891692405
83.25,0.9768958120839553
83.5,0.9771714054351863
83.75,0.9774437114318647
84.0,0.9777127692863812
84.25,0.9779786177433963
84.5,0.9782412950854197
84.75,0.9785008391383223
85.0,0.9787572872767828
85.25,0.9790106764296694
85.5,0.979261043085357
85.75,0.9795084232969816
86.0,0.9797528526876316
86.25,0.979994366455477
86.5,0.9802329993788381
86.75,0.9804687858211931
87.0,0.980701759736126
87.25,0.9809319546722168
87.5,0.9811594037778708
87.75,0.9813841398060927
88.0,0.9816061951192032
88.25,0.9818256016934981
88.5,0.9820423911238535
88.75,0.9822565946282751
89.0,0.9824682430523934
89.25,0.9826773668739054
89.5,0.9828839962069633
89.75,0.9830881608065112
90.0,0.9832898900725693
90.25,0.9834892130544673
90.5,0.9836861584550279
90.75,0.9838807546347001
91.0,0.984073029615642
91.25,0.9842630110857574
91.5,0.9844507264026813
91.75,0.9846362025977208
92.0,0.9848194663797465
92.25,0.9850005441390391
92.5,0.9851794619510896
92.75,0.9853562455803535
93.0,0.9855309204839617
93.25,0.9857035118153861
93.5,0.985874044428061
93.75,0.9860425428789628
94.0,0.9862090314321462
94.25,0.9863735340622375
94.5,0.9865360744578877
94.75,0.9866966760251831
95.0,0.986855361891016
95.25,0.9870121549064151
95.5,0.9871670776498364
95.75,0.9873201524304132
96.0,0.9874714012911698
96.25,0.9876208460121958
96.5,0.9877685081137815
96.75,0.9879144088595174
97.0,0.9880585692593566
97.25,0.9882010100726393
97.5,0.9883417518110826
97.75,0.9884808147417347
98.0,0.9886182188898922
98.25,0.9887539840419849
98.5,0.9888881297484249
98.75,0.989020675326421
99.0,0.9891516398627613
99.25,0.9892810422165613
99.5,0.98940890102198
99.75,0.9895352346909027
100.0,0.9896600614155926
100.25,0.9897833991713106
100.5,0.9899052657189039
100.75,0.990025678607363
101.0,0.9901446551763494
101.25,0.990262212558692
101.5,0.9903783676828547
101.75,0.990493137275374
102.0,0.9906065378632672
102.25,0.9907185857764131
102.5,0.9908292971499033
102.75,0.9909386879263645
103.0,0.9910467738582563
103.25,0.9911535705101382
103.5,0.991259093260911
103.75,0.9913633573060316
104.0,0.9914663776597016
104.25,0.9915681691570287
104.5,0.9916687464561632
104.75,0.9917681240404089
105.0,0.9918663162203086
105.25,0.9919633371357051
105.5,0.9920592007577766
105.75,0.9921539208910498
106.0,0.9922475111753866
106.25,0.992339985087949
106.5,0.9924313559451393
106.75,0.9925216369045183
107.0,0.9926108409666995
107.25,0.9926989809772213
107.5,0.9927860696283971
107.75,0.9928721194611425
108.0,0.9929571428667817
108.25,0.9930411520888315
108.5,0.9931241592247645
108.75,0.9932061762277515
109.0,0.993287214908382
109.25,0.9933672869363659
109.5,0.9934464038422132
109.75,0.9935245770188945
110.0,0.9936018177234822
110.25,0.993678137078771
110.5,0.9937535460748795
110.75,0.9938280555708332
111.0,0.9939016762961281
111.25,0.9939744188522757
111.5,0.9940462937143293
111.75,0.9941173112323933
112.0,0.9941874816331125
112.25,0.9942568150211462
112.5,0.9943253213806214
112.75,0.9943930105765723
113.0,0.9944598923563597
113.25,0.9945259763510756
113.5,0.9945912720769293
113.75,0.9946557889366179
114.0,0.9947195362206804
114.25,0.9947825231088362
114.5,0.9948447586713054
114.75,0.9949062518701168
115.0,0.994967011560397
115.25,0.9950270464916464
115.5,0.9950863653089987
115.75,0.9951449765544661
116.0,0.9952028886681692
116.25,0.9952601099895522
116.5,0.9953166487585842
116.75,0.9953725131169455
117.0,0.9954277111092006
117.25,0.9954822506839552
117.5,0.9955361396950027
117.75,0.9955893859024534
118.0,0.9956419969738532
118.25,0.9956939804852875
118.5,0.9957453439224714
118.75,0.9957960946818288
119.0,0.9958462400715566
119.25,0.9958957873126776
119.5,0.9959447435400801
119.75,0.9959931158035453
120.0,0.9960409110687628
120.25,0.9960881362183334
120.5,0.9961347980527601
120.75,0.9961809032914276
121.0,0.9962264585735702
121.25,0.9962714704592269
121.5,0.9963159454301873
121.75,0.9963598898909239
122.0,0.9964033101695149
122.25,0.9964462125185555
122.5,0.996488603116058
122.75,0.9965304880663418
123.0,0.9965718734009121
123.25,0.9966127650793285
123.5,0.9966531689900634
123.75,0.9966930909513497
124.0,0.9967325367120189
124.25,0.9967715119523286
124.5,0.9968100222847807
124.75,0.9968480732549296
125.0,0.9968856703421809
125.25,0.9969228189605799
125.5,0.9969595244595921
125.75,0.9969957921248727
126.0,0.9970316271790279
126.25,0.9970670347823677
126.5,0.9971020200336482
126.75,0.9971365879708058
127.0,0.9971707435716833
127.25,0.9972044917547463
127.5,0.9972378373797914
127.75,0.9972707852486461
128.0,0.9973033401058606
128.25,0.9973355066393907
128.5,0.9973672894812726
128.75,0.9973986932082906
129.0,0.9974297223426355
129.25,0.9974603813525563
129.5,0.9974906746530036
129.75,0.9975206066062646
130.0,0.9975501815225927
130.25,0.9975794036608268
130.5,0.9976082772290051
130.75,0.9976368063849718
131.0,0.9976649952369742
131.25,0.9976928478442558
131.5,0.9977203682176402
131.75,0.9977475603201088
132.0,0.9977744280673714
132.25,0.9978009753284299
132.5,0.9978272059261356
132.75,0.9978531236377404
133.0,0.997878732195439
133.25,0.9979040352869082
133.5,0.9979290365558369
133.75,0.997953739602451
134.0,0.997978147984032
134.25,0.998002265215429
134.5,0.9980260947695648
134.75,0.9980496400779366
135.0,0.9980729045311093
135.25,0.9980958914792045
135.5,0.9981186042323824
135.75,0.9981410460613187
136.0,0.9981632201976757
136.25,0.9981851298345671
136.5,0.9982067781270184
136.75,0.9982281681924215
137.0,0.9982493031109826
137.25,0.9982701859261663
137.5,0.9982908196451344
137.75,0.998311207239178
138.0,0.9983313516441457
138.25,0.9983512557608666
138.5,0.9983709224555681
138.75,0.9983903545602882
139.0,0.9984095548732835
139.25,0.9984285261594322
139.5,0.9984472711506325
139.75,0.9984657925461952
140.0,0.9984840930132335
140.25,0.9985021751870462
140.5,0.9985200416714975
140.75,0.9985376950393923
141.0,0.9985551378328458
141.25,0.9985723725636505
141.5,0.9985894017136374
141.75,0.9986062277350336
142.0,0.9986228530508151
142.25,0.9986392800550563
142.5,0.998655511113274
142.75,0.9986715485627689
143.0,0.9986873947129611
143.25,0.9987030518457237
143.5,0.9987185222157111
143.75,0.9987338080506832
144.0,0.9987489115518265
144.25,0.9987638348940714
144.5,0.998778580226405
144.75,0.9987931496721806
145.0,0.9988075453294234
145.25,0.9988217692711331
145.5,0.998835823545582
145.75,0.9988497101766096
146.0,0.9988634311639151
146.25,0.998876988483344
146.5,0.9988903840871741
146.75,0.9989036199043951
147.0,0.9989166978409879
147.25,0.9989296197801979
147.5,0.9989423875828066
147.75,0.9989550030873997
148.0,0.9989674681106316
148.25,0.9989797844474873
148.5,0.9989919538715404
148.75,0.9990039781352089
149.0,0.9990158589700079
149.25,0.9990275980867981
149.5,0.9990391971760323
149.75,0.9990506579079996
150.0,0.9990619819330653
150.25,0.9990731708819084
150.5,0.9990842263657569
150.75,0.9990951499766196
151.0,0.9991059432875155
151.25,0.9991166078526996
151.5,0.9991271452078881
151.75,0.9991375568704783
152.0,0.9991478443397676
152.25,0.9991580090971691
152.5,0.9991680526064257
152.75,0.99917797631382
153.0,0.9991877816483831
153.25,0.9991974700221
153.5,0.9992070428301132
153.75,0.9992165014509238
154.0,0.9992258472465895
154.25,0.9992350815629208
154.5,0.9992442057296755
154.75,0.9992532210607492
155.0,0.9992621288543653
155.25,0.9992709303932613
155.5,0.9992796269448742
155.75,0.9992882197615222
156.0,0.999296710080586
156.25,0.999305099124686
156.5,0.9993133881018593
156.75,0.9993215782057328
157.0,0.9993296706156954
157.25,0.9993376664970686
157.5,0.9993455670012726
157.75,0.9993533732659942
158.0,0.9993610864153485
158.25,0.9993687075600426
158.5,0.9993762377975345
158.75,0.9993836782121914
159.0,0.9993910298754458
159.25,0.99939829384595
159.5,0.9994054711697283
159.75,0.9994125628803276
160.0,0.9994195699989666
160.25,0.9994264935346825
160.5,0.9994333344844764
160.75,0.9994400938334568
161.0,0.9994467725549817
161.25,0.9994533716107985
161.5,0.9994598919511827
161.75,0.9994663345150746
162.0,0.9994727002302145
162.25,0.9994789900132763
162.5,0.9994852047699998
162.75,0.9994913453953205
163.0,0.9994974127734992
163.25,0.9995034077782489
163.5,0.9995093312728605
163.75,0.9995151841103275
164.0,0.9995209671334685
164.25,0.9995266811750491
164.5,0.999532327057901
164.75,0.9995379055950411
165.0,0.9995434175897883
165.25,0.9995488638358795
165.5,0.9995542451175835
165.75,0.9995595622098141
166.0,0.999564815878242
166.25,0.9995700068794042
166.5,0.999575135960814
166.75,0.999580203861068
167.0,0.9995852113099527
167.25,0.9995901590285492
167.5,0.9995950477293376
167.75,0.9995998781162994
168.0,0.9996046508850184
168.25,0.9996093667227816
168.5,0.9996140263086779
168.75,0.9996186303136958
169.0,0.9996231794008198
169.25,0.9996276742251263
169.5,0.999632115433878
169.75,0.9996365036666163
170.0,0.9996408395552545
170.25,0.9996451237241681
170.5,0.9996493567902847
170.75,0.9996535393631732
171.0,0.9996576720451313
171.25,0.9996617554312723
171.5,0.9996657901096111
171.75,0.999669776661148
172.0,0.9996737156599536
172.25,0.9996776076732502
172.5,0.9996814532614948
172.75,0.9996852529784586
173.0,0.9996890073713074
173.25,0.9996927169806803
173.5,0.9996963823407674
173.75,0.9997000039793869
174.0,0.999703582418061
174.25,0.9997071181720912
174.5,0.999710611750632
174.75,0.9997140636567649
175.0,0.9997174743875702
175.25,0.9997208444341991
175.5,0.9997241742819442
175.75,0.9997274644103091
176.0,0.9997307152930783
176.25,0.9997339273983844
176.5,0.999737101188776
176.75,0.9997402371212846
177.0,0.9997433356474897
177.25,0.9997463972135846
177.5,0.99974942226044
177.75,0.9997524112236679
178.0,0.9997553645336841
178.25,0.9997582826157705
178.5,0.9997611658901359
178.75,0.9997640147719766
179.0,0.9997668296715368
179.25,0.9997696109941668
179.5,0.9997723591403819
179.75,0.9997750745059197
180.0,0.9997777574817978
180.25,0.9997804084543692
180.5,0.9997830278053785
180.75,0.999785615912017
181.0,0.9997881731469763
181.25,0.9997906998785027
181.5,0.99979319647045
181.75,0.9997956632823316
182.0,0.9997981006693728
182.25,0.9998005089825616
182.5,0.999802888568699
182.75,0.9998052397704498
183.0,0.9998075629263908
183.25,0.999809858371061
183.5,0.9998121264350078
183.75,0.9998143674448366
184.0,0.9998165817232568
184.25,0.9998187695891282
184.5,0.9998209313575073
184.75,0.9998230673396923
185.0,0.9998251778432685
185.25,0.9998272631721522
185.5,0.999829323626634
185.75,0.9998313595034233
186.0,0.9998333710956895
186.25,0.9998353586931056
186.5,0.9998373225818891
186.75,0.9998392630448432
187.0,0.9998411803613979
187.25,0.9998430748076503
187.5,0.9998449466564039
187.75,0.9998467961772081
188.0,0.9998486236363969
188.25,0.999850429297128
188.5,0.9998522134194192
188.75,0.9998539762601876
189.0,0.999855718073285
189.25,0.9998574391095357
189.5,0.9998591396167719
189.75,0.9998608198398693
190.0,0.9998624800207833
190.25,0.9998641203985826
190.5,0.9998657412094846
190.75,0.9998673426868886
191.0,0.9998689250614103
191.25,0.9998704885609144
191.5,0.9998720334105475
191.75,0.9998735598327706
192.0,0.9998750680473911
192.25,0.9998765582715946
192.5,0.9998780307199758
192.75,0.99987948560457
193.0,0.9998809231348829
193.25,0.9998823435179215
193.5,0.9998837469582235
193.75,0.9998851336578864
194.0,0.9998865038165976
194.25,0.9998878576316623
194.5,0.9998891952980322
194.75,0.9998905170083335
195.0,0.9998918229528948
195.25,0.9998931133197745
195.5,0.9998943882947874
195.75,0.9998956480615323
196.0,0.9998968928014178
196.25,0.9998981226936885
196.5,0.999899337915451
196.75,0.9999005386416995
197.0,0.9999017250453404
197.25,0.999902897297218
197.5,0.9999040555661387
197.75,0.9999052000188952
198.0,0.9999063308202905
198.25,0.999907448133162
198.5,0.9999085521184048
198.75,0.9999096429349946
199.0,0.999910720740011
199.25,0.9999117856886596
199.5,0.999912837934295
199.75,0.9999138776284422
200.0,0.9999149049208191
200.25,0.9999159199593577
200.5,0.999916922890225
200.75,0.999917913857845
201.0,0.9999188930049188
201.25,0.999919860472445
201.5,0.9999208163997407
201.75,0.9999217609244613
202.0,0.9999226941826197
202.25,0.9999236163086068
202.5,0.9999245274352104
202.75,0.9999254276936343
203.0,0.9999263172135172
203.25,0.9999271961229516
203.5,0.9999280645485017
203.75,0.9999289226152226
204.0,0.9999297704466772
204.25,0.9999306081649548
204.5,0.9999314358906883
204.75,0.9999322537430715
205.0,0.9999330618398767
205.25,0.9999338602974711
205.5,0.9999346492308342
205.75,0.9999354287535734
206.0,0.9999361989779417
206.25,0.9999369600148525
206.5,0.9999377119738965
206.75,0.9999384549633571
207.0,0.9999391890902262
207.25,0.999939914460219
207.5,0.9999406311777904
207.75,0.9999413393461488
208.0,0.9999420390672716
208.25,0.99994273044192
208.5,0.999943413569653
208.75,0.9999440885488423
209.0,0.999944755476686
209.25,0.9999454144492229
209.5,0.9999460655613462
209.75,0.9999467089068171
210.0,0.9999473445782785
210.25,0.9999479726672682
210.5,0.999948593264232
210.75,0.9999492064585371
211.0,0.9999498123384845
211.25,0.9999504109913218
211.5,0.9999510025032562
211.75,0.9999515869594664
212.0,0.999952164444115
212.25,0.9999527350403611
212.5,0.9999532988303712
212.75,0.9999538558953323
213.0,0.9999544063154624
213.25,0.9999549501700233
213.5,0.9999554875373308
213.75,0.9999560184947667
214.0,0.9999565431187899
214.25,0.9999570614849471
214.5,0.999957573667884
214.75,0.9999580797413556
215.0,0.9999585797782377
215.25,0.9999590738505362
215.5,0.9999595620293984
215.75,0.999960044385123
216.0,0.99996052098717
216.25,0.999960991904171
216.5,0.9999614572039388
216.75,0.9999619169534772
217.0,0.9999623712189913
217.25,0.9999628200658959
217.5,0.9999632635588256
217.75,0.9999637017616444
218.0,0.999964134737454
218.25,0.999964562548604
218.5,0.9999649852566997
218.75,0.9999654029226118
219.0,0.9999658156064851
219.25,0.9999662233677465
219.5,0.9999666262651147
219.75,0.9999670243566072
220.0,0.9999674176995502
220.25,0.9999678063505856
220.5,0.9999681903656797
220.75,0.9999685698001317
221.0,0.9999689447085806
221.25,0.9999693151450137
221.5,0.9999696811627748
221.75,0.9999700428145709
222.0,0.9999704001524806
222.25,0.999970753227961
222.5,0.9999711020918558
222.75,0.9999714467944019
223.0,0.999971787385237
223.25,0.9999721239134067
223.5,0.9999724564273719
223.75,0.999972784975015
224.0,0.9999731096036475
224.25,0.9999734303600164
224.5,0.9999737472903113
224.75,0.9999740604401707
225.0,0.9999743698546886
225.25,0.9999746755784212
225.5,0.9999749776553933
225.75,0.9999752761291048
226.0,0.999975571042536
226.25,0.9999758624381551
226.5,0.9999761503579235
226.75,0.9999764348433023
227.0,0.9999767159352579
227.25,0.999976993674268
227.5,0.9999772681003273
227.75,0.9999775392529537
228.0,0.9999778071711938
228.25,0.9999780718936282
228.5,0.9999783334583774
228.75,0.9999785919031072
229.0,0.999978847265034
229.25,0.9999790995809305
229.5,0.9999793488871304
229.75,0.9999795952195344
230.0,0.9999798386136148
230.25,0.9999800791044207
230.5,0.9999803167265833
230.75,0.9999805515143204
231.0,0.9999807835014419
231.25,0.9999810127213545
231.5,0.9999812392070662
231.75,0.9999814629911913
232.0,0.999981684105955
232.25,0.9999819025831984
232.5,0.9999821184543825
232.75,0.999982331750593
233.0,0.9999825425025451
233.25,0.9999827507405875
233.5,0.9999829564947067
233.75,0.9999831597945317
234.0,0.999983360669338
234.25,0.9999835591480519
234.5,0.9999837552592548
234.75,0.9999839490311868
235.0,0.9999841404917517
235.25,0.9999843296685199
235.5,0.9999845165887333
235.75,0.9999847012793088
236.0,0.9999848837668421
236.25,0.9999850640776117
236.5,0.9999852422375826
236.75,0.9999854182724102
237.0,0.9999855922074439
237.25,0.9999857640677305
237.5,0.9999859338780183
237.75,0.9999861016627603
238.0,0.9999862674461175
238.25,0.9999864312519634
238.5,0.999986593103886
238.75,0.9999867530251926
239.0,0.9999869110389118
239.25,0.999987067167798
239.5,0.9999872214343339
239.75,0.9999873738607344
240.0,0.999987524468949
240.25,0.9999876732806656
240.5,0.9999878203173134
240.75,0.9999879656000656
241.0,0.9999881091498436
241.25,0.9999882509873186
241.5,0.9999883911329155
241.75,0.9999885296068154
242.0,0.9999886664289589
242.25,0.9999888016190486
242.5,0.9999889351965521
242.75,0.9999890671807047
243.0,0.9999891975905124
243.25,0.9999893264447546
243.5,0.9999894537619863
243.75,0.9999895795605416
244.0,0.9999897038585356
244.25,0.9999898266738674
244.5,0.9999899480242226
244.75,0.999990067927076
245.0,0.9999901863996937
245.25,0.9999903034591361
245.5,0.9999904191222597
245.75,0.9999905334057204
246.0,0.9999906463259752
246.25,0.9999907578992848
246.5,0.9999908681417159
246.75,0.9999909770691436
247.0,0.9999910846972536
247.25,0.9999911910415448
247.5,0.9999912961173306
247.75,0.9999913999397423
248.0,0.9999915025237305
248.25,0.9999916038840674
248.5,0.999991704035349
248.75,0.9999918029919975
249.0,0.9999919007682626
249.25,0.9999919973782244
249.5,0.9999920928357947
249.75,0.9999921871547198
250.0,0.9999922803485817
250.25,0.9999923724308004
250.5,0.999992463414636
250.75,0.9999925533131903
251.0,0.9999926421394087
251.25,0.9999927299060827
251.5,0.9999928166258504
251.75,0.9999929023111999
252.0,0.9999929869744699
252.25,0.9999930706278521
252.5,0.9999931532833928
252.75,0.9999932349529944
253.0,0.9999933156484176
253.25,0.9999933953812826
253.5,0.9999934741630712
253.75,0.9999935520051279
254.0,0.9999936289186622
254.25,0.9999937049147497
254.5,0.9999937800043341
254.75,0.9999938541982284
255.0,0.9999939275071167
255.25,0.9999939999415555
255.5,0.9999940715119754
255.75,0.9999941422286829
256.0,0.9999942121018611
256.25,0.9999942811415721
256.5,0.9999943493577574
256.75,0.9999944167602406
257.0,0.9999944833587276
257.25,0.9999945491628088
257.5,0.9999946141819599
257.75,0.999994678425544
258.0,0.9999947419028121
258.25,0.9999948046229052
258.5,0.9999948665948549
258.75,0.9999949278275856
259.0,0.9999949883299145
259.25,0.9999950481105543
259.5,0.9999951071781135
259.75,0.9999951655410979
260.0,0.9999952232079118
260.25,0.9999952801868595
260.5,0.9999953364861458
260.75,0.9999953921138781
261.0,0.999995447078067
261.25,0.9999955013866271
261.5,0.9999955550473791
261.75,0.9999956080680503
262.0,0.9999956604562756
262.25,0.9999957122195993
262.5,0.999995763365475
262.75,0.9999958139012681
263.0,0.9999958638342559
263.25,0.9999959131716285
263.5,0.9999959619204908
263.75,0.9999960100878627
264.0,0.9999960576806802
264.25,0.9999961047057971
264.5,0.9999961511699849
264.75,0.9999961970799344
265.0,0.9999962424422569
265.25,0.9999962872634847
265.5,0.9999963315500718
265.75,0.9999963753083959
266.0,0.9999964185447582
266.25,0.9999964612653847
266.5,0.9999965034764273
266.75,0.9999965451839644
267.0,0.9999965863940021
267.25,0.9999966271124746
267.5,0.9999966673452455
267.75,0.9999967070981084
268.0,0.9999967463767876
268.25,0.9999967851869396
268.5,0.9999968235341529
268.75,0.9999968614239495
269.0,0.9999968988617859
269.25,0.9999969358530529
269.5,0.9999969724030776
269.75,0.999997008517123
270.0,0.9999970442003897
270.25,0.9999970794580162
270.5,0.9999971142950795
270.75,0.9999971487165965
271.0,0.9999971827275236
271.25,0.9999972163327586
271.5,0.9999972495371409
271.75,0.9999972823454516
272.0,0.9999973147624154
272.25,0.9999973467927004
272.5,0.9999973784409188
272.75,0.9999974097116283
273.0,0.9999974406093317
273.25,0.9999974711384786
273.5,0.9999975013034649
273.75,0.9999975311086347
274.0,0.9999975605582797
274.25,0.9999975896566411
274.5,0.9999976184079088
274.75,0.999997646816223
275.0,0.9999976748856748
275.25,0.9999977026203062
275.5,0.9999977300241107
275.75,0.999997757101035
276.0,0.9999977838549778
276.25,0.9999978102897921
276.5,0.9999978364092842
276.75,0.9999978622172154
277.0,0.9999978877173024
277.25,0.9999979129132168
277.5,0.9999979378085873
277.75,0.9999979624069986
278.0,0.999997986711993
278.25,0.9999980107270704
278.5,0.9999980344556891
278.75,0.9999980579012661
279.0,0.9999980810671774
279.25,0.9999981039567591
279.5,0.9999981265733073
279.75,0.9999981489200789
280.0,0.9999981710002916
280.25,0.9999981928171253
280.5,0.9999982143737216
280.75,0.9999982356731846
281.0,0.9999982567185814
281.25,0.9999982775129428
281.5,0.999998298059263
281.75,0.9999983183605008
282.0,0.9999983384195795
282.25,0.9999983582393879
282.5,0.9999983778227799
282.75,0.9999983971725755
283.0,0.9999984162915614
283.25,0.9999984351824903
283.5,0.999998453848083
283.75,0.9999984722910269
284.0,0.9999984905139783
284.25,0.999998508519561
284.5,0.9999985263103679
284.75,0.9999985438889609
285.0,0.9999985612578716
285.25,0.9999985784196007
285.5,0.99999859537662
285.75,0.999998612131371
286.0,0.9999986286862664
286.25,0.9999986450436904
286.5,0.9999986612059983
286.75,0.9999986771755176
287.0,0.9999986929545479
287.25,0.9999987085453613
287.5,0.9999987239502031
287.75,0.9999987391712915
288.0,0.9999987542108183
288.25,0.9999987690709494
288.5,0.9999987837538246
288.75,0.9999987982615582
289.0,0.9999988125962394
289.25,0.9999988267599323
289.5,0.9999988407546768
289.75,0.9999988545824878
290.0,0.9999988682453569
290.25,0.9999988817452512
290.5,0.999998895084115
290.75,0.9999989082638688
291.0,0.999998921286411
291.25,0.9999989341536164
291.5,0.999998946867338
291.75,0.9999989594294069
292.0,0.9999989718416317
292.25,0.9999989841057999
292.5,0.9999989962236776
292.75,0.9999990081970098
293.0,0.9999990200275207
293.25,0.9999990317169138
293.5,0.9999990432668725
293.75,0.9999990546790599
294.0,0.9999990659551196
294.25,0.9999990770966751
294.5,0.999999088105331
294.75,0.9999990989826724
295.0,0.9999991097302658
295.25,0.9999991203496589
295.5,0.9999991308423807
295.75,0.9999991412099424
296.0,0.9999991514538368
296.25,0.999999161575539
296.5,0.9999991715765068
296.75,0.99999918145818
297.0,0.9999991912219819
297.25,0.9999992008693184
297.5,0.9999992104015786
297.75,0.9999992198201353
298.0,0.9999992291263446
298.25,0.999999238321547
298.5,0.9999992474070662
298.75,0.9999992563842109
299.0,0.9999992652542735
299.25,0.9999992740185316
299.5,0.999999282678247
299.75,0.9999992912346668
300.0,0.9999992996890232
300.25,0.9999993080425337
300.5,0.999999316296401
300.75,0.9999993244518138
301.0,0.9999993325099465
301.25,0.9999993404719596
301.5,0.9999993483389994
301.75,0.9999993561121989
302.0,0.9999993637926775
302.25,0.9999993713815412
302.5,0.9999993788798827
302.75,0.9999993862887817
303.0,0.9999993936093053
303.25,0.9999994008425077
303.5,0.9999994079894303
303.75,0.9999994150511023
304.0,0.9999994220285408
304.25,0.9999994289227503
304.5,0.9999994357347237
304.75,0.9999994424654419
305.0,0.9999994491158742
305.25,0.9999994556869783
305.5,0.9999994621797003
305.75,0.9999994685949752
306.0,0.999999474933727
306.25,0.9999994811968682
306.5,0.999999487385301
306.75,0.9999994934999163
307.0,0.9999994995415947
307.25,0.9999995055112063
307.5,0.9999995114096106
307.75,0.9999995172376571
308.0,0.9999995229961849
308.25,0.9999995286860234
308.5,0.9999995343079918
308.75,0.9999995398628998
309.0,0.9999995453515473
309.25,0.9999995507747246
309.5,0.9999995561332127
309.75,0.9999995614277831
310.0,0.9999995666591984
310.25,0.999999571828212
310.5,0.9999995769355681
310.75,0.999999581982002
311.0,0.9999995869682408
311.25,0.9999995918950022
311.5,0.9999995967629958
311.75,0.9999996015729226
312.0,0.9999996063254751
312.25,0.9999996110213379
312.5,0.9999996156611871
312.75,0.9999996202456908
313.0,0.9999996247755092
313.25,0.9999996292512947
313.5,0.9999996336736917
313.75,0.9999996380433371
314.0,0.9999996423608601
314.25,0.9999996466268825
314.5,0.9999996508420185
314.75,0.9999996550068752
315.0,0.9999996591220521
315.25,0.9999996631881423
315.5,0.9999996672057307
315.75,0.9999996711753963
316.0,0.9999996750977107
316.25,0.9999996789732385
316.5,0.9999996828025378
316.75,0.9999996865861602
317.0,0.9999996903246505
317.25,0.999999694018547
317.5,0.9999996976683817
317.75,0.99999970127468
318.0,0.9999997048379614
318.25,0.999999708358739
318.5,0.9999997118375197
318.75,0.9999997152748045
319.0,0.9999997186710884
319.25,0.9999997220268604
319.5,0.9999997253426038
319.75,0.999999728618796
320.0,0.9999997318559091
320.25,0.9999997350544088
320.5,0.9999997382147559
320.75,0.9999997413374054
321.0,0.999999744422807
321.25,0.9999997474714052
321.5,0.9999997504836389
321.75,0.9999997534599416
322.0,0.9999997564007422
322.25,0.9999997593064641
322.5,0.9999997621775257
322.75,0.9999997650143405
323.0,0.9999997678173169
323.25,0.9999997705868586
323.5,0.9999997733233644
323.75,0.9999997760272284
324.0,0.9999997786988399
324.25,0.9999997813385838
324.5,0.9999997839468399
324.75,0.999999786523984
325.0,0.9999997890703872
325.25,0.9999997915864163
325.5,0.9999997940724333
325.75,0.9999997965287964
326.0,0.9999997989558594
326.25,0.9999998013539716
326.5,0.9999998037234785
326.75,0.9999998060647212
327.0,0.9999998083780369
327.25,0.9999998106637586
327.5,0.9999998129222157
327.75,0.9999998151537333
328.0,0.9999998173586326
328.25,0.9999998195372313
328.5,0.999999821689843
328.75,0.9999998238167778
329.0,0.9999998259183418
329.25,0.9999998279948379
329.5,0.9999998300465648
329.75,0.9999998320738182
330.0,0.9999998340768899
330.25,0.9999998360560683
330.5,0.9999998380116387
330.75,0.9999998399438824
331.0,0.9999998418530777
331.25,0.9999998437394996
331.5,0.9999998456034197
331.75,0.9999998474451065
332.0,0.999999849264825
332.25,0.9999998510628375
332.5,0.9999998528394027
332.75,0.9999998545947766
333.0,0.9999998563292118
333.25,0.9999998580429582
333.5,0.9999998597362626
333.75,0.9999998614093687
334.0,0.9999998630625175
334.25,0.9999998646959471
334.5,0.9999998663098928
334.75,0.9999998679045867
335.0,0.9999998694802588
335.25,0.9999998710371357
335.5,0.9999998725754419
335.75,0.9999998740953986
336.0,0.9999998755972248
336.25,0.9999998770811368
336.5,0.9999998785473483
336.75,0.9999998799960704
337.0,0.9999998814275117
337.25,0.9999998828418785
337.5,0.9999998842393741
337.75,0.9999998856202001
338.0,0.9999998869845552
338.25,0.9999998883326359
338.5,0.9999998896646363
338.75,0.9999998909807482
339.0,0.9999998922811612
339.25,0.9999998935660623
339.5,0.9999998948356369
339.75,0.9999998960900677
340.0,0.9999998973295352
340.25,0.9999998985542179
340.5,0.9999998997642924
340.75,0.9999999009599326
341.0,0.9999999021413111
341.25,0.9999999033085976
341.5,0.9999999044619604
341.75,0.9999999056015655
342.0,0.9999999067275772
342.25,0.9999999078401575
342.5,0.9999999089394664
342.75,0.9999999100256627
343.0,0.9999999110989024
343.25,0.9999999121593403
343.5,0.9999999132071288
343.75,0.9999999142424191
344.0,0.9999999152653601
344.25,0.9999999162760993
344.5,0.999999917274782
344.75,0.9999999182615522
345.0,0.9999999192365518
345.25,0.9999999201999215
345.5,0.9999999211517997
345.75,0.9999999220923237
346.0,0.9999999230216288
346.25,0.9999999239398489
346.5,0.9999999248471162
346.75,0.9999999257435614
347.0,0.9999999266293136
347.25,0.9999999275045002
347.5,0.9999999283692473
347.75,0.9999999292236794
348.0,0.9999999300679198
348.25,0.9999999309020897
348.5,0.9999999317263094
348.75,0.9999999325406976
349.0,0.9999999333453715
349.25,0.9999999341404471
349.5,0.9999999349260387
349.75,0.9999999357022596
350.0,0.9999999364692215
350.25,0.9999999372270348
350.5,0.9999999379758089
350.75,0.9999999387156512
351.0,0.9999999394466685
351.25,0.999999940168966
351.5,0.9999999408826478
351.75,0.9999999415878166
352.0,0.9999999422845738
352.25,0.99999994297302
352.5,0.9999999436532542
352.75,0.9999999443253744
353.0,0.9999999449894773
353.25,0.9999999456456586
353.5,0.9999999462940128
353.75,0.9999999469346332
354.0,0.9999999475676121
354.25,0.9999999481930407
354.5,0.9999999488110091
354.75,0.999999949421606
355.0,0.9999999500249196
355.25,0.9999999506210367
355.5,0.9999999512100431
355.75,0.9999999517920238
356.0,0.9999999523670624
356.25,0.9999999529352417
356.5,0.9999999534966437
356.75,0.9999999540513491
357.0,0.9999999545994378
357.25,0.9999999551409887
357.5,0.9999999556760799
357.75,0.9999999562047883
358.0,0.9999999567271902
358.25,0.9999999572433607
358.5,0.9999999577533741
358.75,0.999999958257304
359.0,0.9999999587552229
359.25,0.9999999592472024
359.5,0.9999999597333136
359.75,0.9999999602136261
360.0,0.9999999606882094
360.25,0.9999999611571317
360.5,0.9999999616204607
360.75,0.9999999620782628
361.0,0.9999999625306042
361.25,0.9999999629775499
361.5,0.9999999634191643
361.75,0.999999963855511
362.0,0.9999999642866528
362.25,0.9999999647126518
362.5,0.9999999651335695
362.75,0.9999999655494664
363.0,0.9999999659604022
363.25,0.9999999663664363
363.5,0.999999966767627
363.75,0.9999999671640324
364.0,0.9999999675557092
364.25,0.9999999679427141
364.5,0.9999999683251025
364.75,0.9999999687029298
365.0,0.9999999690762502
365.25,0.9999999694451176
365.5,0.999999969809585
365.75,0.999999970169705
366.0,0.9999999705255292
366.25,0.9999999708771092
366.5,0.9999999712244955
366.75,0.9999999715677379
367.0,0.9999999719068862
367.25,0.9999999722419889
367.5,0.9999999725730944
367.75,0.9999999729002503
368.0,0.999999973223504
368.25,0.9999999735429017
368.5,0.9999999738584896
368.75,0.999999974170313
369.0,0.9999999744784169
369.25,0.9999999747828457
369.5,0.9999999750836431
369.75,0.9999999753808526
370.0,0.9999999756745169
370.25,0.9999999759646783
370.5,0.9999999762513785
370.75,0.9999999765346588
371.0,0.9999999768145601
371.25,0.9999999770911228
371.5,0.9999999773643864
371.75,0.9999999776343905
372.0,0.9999999779011739
372.25,0.999999978164775
372.5,0.9999999784252319
372.75,0.999999978682582
373.0,0.9999999789368622
373.25,0.9999999791881093
373.5,0.9999999794363595
373.75,0.9999999796816486
374.0,0.9999999799240117
374.25,0.9999999801634839
374.5,0.9999999804000995
374.75,0.9999999806338927
375.0,0.9999999808648973
375.25,0.9999999810931463
375.5,0.9999999813186726
375.75,0.9999999815415088
376.0,0.999999981761687
376.25,0.9999999819792389
376.5,0.9999999821941957
376.75,0.9999999824065884
377.0,0.9999999826164477
377.25,0.9999999828238038
377.5,0.9999999830286863
377.75,0.999999983231125
378.0,0.9999999834311489
378.25,0.999999983628787
378.5,0.9999999838240675
378.75,0.9999999840170187
379.0,0.9999999842076682
379.25,0.9999999843960438
379.5,0.9999999845821722
379.75,0.9999999847660804
380.0,0.9999999849477951
380.25,0.9999999851273421
380.5,0.9999999853047474
380.75,0.9999999854800365
381.0,0.9999999856532349
381.25,0.9999999858243672
381.5,0.9999999859934583
381.75,0.9999999861605323
382.0,0.9999999863256135
382.25,0.9999999864887255
382.5,0.9999999866498918
382.75,0.9999999868091357
383.0,0.9999999869664802
383.25,0.9999999871219477
383.5,0.9999999872755608
383.75,0.9999999874273416
384.0,0.9999999875773119
384.25,0.9999999877254933
384.5,0.9999999878719071
384.75,0.9999999880165745
385.0,0.9999999881595162
385.25,0.9999999883007529
385.5,0.9999999884403049
385.75,0.9999999885781923
386.0,0.9999999887144349
386.25,0.9999999888490523
386.5,0.999999988982064
386.75,0.9999999891134891
387.0,0.9999999892433465
387.25,0.999999989371655
387.5,0.9999999894984329
387.75,0.9999999896236986
388.0,0.9999999897474702
388.25,0.9999999898697652
388.5,0.9999999899906016
388.75,0.9999999901099966
389.0,0.9999999902279674
389.25,0.999999990344531
389.5,0.9999999904597042
389.75,0.9999999905735036
390.0,0.9999999906859456
390.25,0.9999999907970463
390.5,0.9999999909068218
390.75,0.9999999910152878
391.0,0.9999999911224601
391.25,0.9999999912283539
391.5,0.9999999913329846
391.75,0.9999999914363672
392.0,0.9999999915385167
392.25,0.9999999916394477
392.5,0.9999999917391748
392.75,0.9999999918377123
393.0,0.9999999919350744
393.25,0.9999999920312751
393.5,0.9999999921263284
393.75,0.9999999922202478
394.0,0.9999999923130469
394.25,0.9999999924047391
394.5,0.9999999924953376
394.75,0.9999999925848553
395.0,0.9999999926733053
395.25,0.9999999927607002
395.5,0.9999999928470527
395.75,0.9999999929323751
396.0,0.9999999930166797
396.25,0.9999999930999788
396.5,0.9999999931822842
396.75,0.9999999932636079
397.0,0.9999999933439615
397.25,0.9999999934233567
397.5,0.9999999935018047
397.75,0.999999993579317
398.0,0.9999999936559049
398.25,0.999999993731579
398.5,0.9999999938063505
398.75,0.9999999938802302
399.0,0.9999999939532285
399.25,0.9999999940253561
399.5,0.9999999940966234
399.75,0.9999999941670406
400.0,0.9999999942366178
400.25,0.9999999943053651
400.5,0.9999999943732923
400.75,0.9999999944404093
401.0,0.9999999945067257
401.25,0.9999999945722511
401.5,0.9999999946369948
401.75,0.9999999947009662
402.0,0.9999999947641747
402.25,0.999999994826629
402.5,0.9999999948883386
402.75,0.9999999949493119
403.0,0.9999999950095579
403.25,0.9999999950690854
403.5,0.9999999951279027
403.75,0.9999999951860186
404.0,0.9999999952434411
404.25,0.9999999953001787
404.5,0.9999999953562395
404.75,0.9999999954116316
405.0,0.999999995466363
405.25,0.9999999955204415
405.5,0.999999995573875
405.75,0.9999999956266711
406.0,0.9999999956788374
406.25,0.9999999957303815
406.5,0.9999999957813107
406.75,0.9999999958316325
407.0,0.9999999958813539
407.25,0.9999999959304823
407.5,0.9999999959790247
407.75,0.9999999960269881
408.0,0.9999999960743793
408.25,0.9999999961212052
408.5,0.9999999961674726
408.75,0.999999996213188
409.0,0.9999999962583582
409.25,0.9999999963029896
409.5,0.9999999963470886
409.75,0.9999999963906616
410.0,0.9999999964337148
410.25,0.9999999964762545
410.5,0.9999999965182867
410.75,0.9999999965598176
411.0,0.9999999966008531
411.25,0.999999996641399
411.5,0.9999999966814614
411.75,0.9999999967210459
412.0,0.9999999967601583
412.25,0.999999996798804
412.5,0.9999999968369888
412.75,0.9999999968747181
413.0,0.9999999969119974
413.25,0.9999999969488319
413.5,0.9999999969852271
413.75,0.9999999970211882
414.0,0.9999999970567204
414.25,0.9999999970918286
414.5,0.9999999971265181
414.75,0.9999999971607938
415.0,0.9999999971946607
415.25,0.9999999972281236
415.5,0.9999999972611874
415.75,0.9999999972938567
416.0,0.9999999973261363
416.25,0.9999999973580309
416.5,0.9999999973895451
416.75,0.9999999974206834
417.0,0.9999999974514502
417.25,0.9999999974818501
417.5,0.9999999975118873
417.75,0.9999999975415662
418.0,0.9999999975708911
418.25,0.9999999975998662
418.5,0.9999999976284957
418.75,0.9999999976567837
419.0,0.9999999976847342
419.25,0.9999999977123514
419.5,0.9999999977396391
419.75,0.9999999977666013
420.0,0.999999997793242
420.25,0.9999999978195648
420.5,0.9999999978455737
420.75,0.9999999978712723
421.0,0.9999999978966644
421.25,0.9999999979217535
421.5,0.9999999979465435
421.75,0.9999999979710377
422.0,0.9999999979952398
422.25,0.9999999980191531
422.5,0.9999999980427812
422.75,0.9999999980661275
423.0,0.9999999980891953
423.25,0.9999999981119879
423.5,0.9999999981345086
423.75,0.9999999981567608
424.0,0.9999999981787474
424.25,0.9999999982004718
424.5,0.9999999982219372
424.75,0.9999999982431463
425.0,0.9999999982641027
425.25,0.9999999982848089
425.5,0.9999999983052682
425.75,0.9999999983254835
426.0,0.9999999983454576
426.25,0.9999999983651935
426.5,0.9999999983846939
426.75,0.9999999984039617
427.0,0.9999999984229997
427.25,0.9999999984418106
427.5,0.9999999984603971
427.75,0.999999998478762
428.0,0.9999999984969078
428.25,0.999999998514837
428.5,0.9999999985325525
428.75,0.9999999985500566
429.0,0.999999998567352
429.25,0.999999998584441
429.5,0.9999999986013263
429.75,0.99999999861801
430.0,0.9999999986344947
430.25,0.9999999986507829
430.5,0.9999999986668767
430.75,0.9999999986827787
431.0,0.9999999986984909
431.25,0.9999999987140156
431.5,0.9999999987293552
431.75,0.9999999987445118
432.0,0.9999999987594876
432.25,0.9999999987742848
432.5,0.9999999987889056
432.75,0.9999999988033518
433.0,0.9999999988176258
433.25,0.9999999988317294
433.5,0.9999999988456649
433.75,0.9999999988594341
434.0,0.9999999988730391
434.25,0.9999999988864818
434.5,0.9999999988997642
434.75,0.9999999989128882
435.0,0.9999999989258556
435.25,0.9999999989386682
435.5,0.9999999989513281
435.75,0.999999998963837
436.0,0.9999999989761966
436.25,0.9999999989884089
436.5,0.9999999990004754
436.75,0.999999999012398
437.0,0.9999999990241785
437.25,0.9999999990358183
437.5,0.9999999990473193
437.75,0.9999999990586832
438.0,0.9999999990699114
438.25,0.9999999990810058
438.5,0.9999999990919679
438.75,0.9999999991027991
439.0,0.9999999991135012
439.25,0.9999999991240757
439.5,0.9999999991345239
439.75,0.9999999991448475
440.0,0.999999999155048
440.25,0.9999999991651268
440.5,0.9999999991750855
440.75,0.9999999991849253
441.0,0.9999999991946478
441.25,0.9999999992042542
441.5,0.999999999213746
441.75,0.9999999992231248
442.0,0.9999999992323916
442.25,0.9999999992415478
442.5,0.9999999992505948
442.75,0.999999999259534
443.0,0.9999999992683665
443.25,0.9999999992770936
443.5,0.9999999992857166
443.75,0.9999999992942368
444.0,0.9999999993026554
444.25,0.9999999993109735
444.5,0.9999999993191924
444.75,0.9999999993273132
445.0,0.9999999993353372
445.25,0.9999999993432656
445.5,0.9999999993510993
445.75,0.9999999993588395
446.0,0.9999999993664874
446.25,0.9999999993740442
446.5,0.9999999993815107
446.75,0.9999999993888883
447.0,0.9999999993961778
447.25,0.9999999994033804
447.5,0.999999999410497
447.75,0.9999999994175288
448.0,0.9999999994244767
448.25,0.9999999994313417
448.5,0.9999999994381248
448.75,0.999999999444827
449.0,0.9999999994514492
449.25,0.9999999994579926
449.5,0.9999999994644577
449.75,0.9999999994708458
450.0,0.9999999994771578
450.25,0.9999999994833944
450.5,0.9999999994895566
450.75,0.9999999994956453
451.0,0.9999999995016614
451.25,0.9999999995076058
451.5,0.9999999995134792
451.75,0.9999999995192825
452.0,0.9999999995250166
452.25,0.9999999995306824
452.5,0.9999999995362805
452.75,0.999999999541812
453.0,0.9999999995472774
453.25,0.9999999995526775
453.5,0.9999999995580133
453.75,0.9999999995632854
454.0,0.9999999995684947
454.25,0.9999999995736418
454.5,0.9999999995787275
454.75,0.9999999995837526
455.0,0.9999999995887178
455.25,0.9999999995936236
455.5,0.999999999598471
455.75,0.9999999996032606
456.0,0.999999999607993
456.25,0.9999999996126689
456.5,0.9999999996172891
456.75,0.9999999996218543
457.0,0.9999999996263649
457.25,0.9999999996308216
457.5,0.9999999996352253
457.75,0.9999999996395765
458.0,0.9999999996438758
458.25,0.9999999996481237
458.5,0.999999999652321
458.75,0.9999999996564681
459.0,0.999999999660566
459.25,0.9999999996646148
459.5,0.9999999996686153
459.75,0.9999999996725683
460.0,0.9999999996764739
460.25,0.999999999680333
460.5,0.9999999996841461
460.75,0.9999999996879136
461.0,0.9999999996916363
461.25,0.9999999996953146
461.5,0.9999999996989489
461.75,0.9999999997025399
462.0,0.9999999997060882
462.25,0.9999999997095941
462.5,0.9999999997130581
462.75,0.9999999997164808
463.0,0.9999999997198628
463.25,0.9999999997232043
463.5,0.999999999726506
463.75,0.9999999997297683
464.0,0.9999999997329917
464.25,0.9999999997361766
464.5,0.9999999997393236
464.75,0.999999999742433
465.0,0.9999999997455054
465.25,0.999999999748541
465.5,0.9999999997515405
465.75,0.9999999997545043
466.0,0.9999999997574326
466.25,0.9999999997603259
466.5,0.9999999997631849
466.75,0.9999999997660097
467.0,0.9999999997688008
467.25,0.9999999997715586
467.5,0.9999999997742836
467.75,0.999999999776976
468.0,0.9999999997796362
468.25,0.9999999997822647
468.5,0.999999999784862
468.75,0.9999999997874283
469.0,0.9999999997899638
469.25,0.9999999997924692
469.5,0.9999999997949447
469.75,0.9999999997973906
470.0,0.9999999997998075
470.25,0.9999999998021953
470.5,0.9999999998045549
470.75,0.9999999998068861
471.0,0.9999999998091897
471.25,0.9999999998114657
471.5,0.9999999998137147
471.75,0.9999999998159367
472.0,0.9999999998181323
472.25,0.9999999998203016
472.5,0.9999999998224451
472.75,0.999999999824563
473.0,0.9999999998266557
473.25,0.9999999998287235
473.5,0.9999999998307665
473.75,0.9999999998327851
474.0,0.9999999998347797
474.25,0.9999999998367505
474.5,0.9999999998386978
474.75,0.9999999998406218
475.0,0.999999999842523
475.25,0.9999999998444014
475.5,0.9999999998462574
475.75,0.9999999998480913
476.0,0.9999999998499033
476.25,0.9999999998516937
476.5,0.9999999998534628
476.75,0.9999999998552107
477.0,0.9999999998569378
477.25,0.9999999998586443
477.5,0.9999999998603304
477.75,0.9999999998619964
478.0,0.9999999998636425
478.25,0.9999999998652691
478.5,0.9999999998668762
478.75,0.9999999998684641
479.0,0.9999999998700331
479.25,0.9999999998715834
479.5,0.9999999998731152
479.75,0.9999999998746287
480.0,0.9999999998761242
480.25,0.9999999998776018
480.5,0.9999999998790617
480.75,0.9999999998805044
481.0,0.9999999998819298
481.25,0.9999999998833381
481.5,0.9999999998847297
481.75,0.9999999998861047
482.0,0.9999999998874632
482.25,0.9999999998888056
482.5,0.999999999890132
482.75,0.9999999998914425
483.0,0.9999999998927375
483.25,0.9999999998940169
483.5,0.9999999998952811
483.75,0.9999999998965302
484.0,0.9999999998977644
484.25,0.9999999998989839
484.5,0.9999999999001888
484.75,0.9999999999013794
485.0,0.9999999999025558
485.25,0.9999999999037181
485.5,0.9999999999048667
485.75,0.9999999999060014
486.0,0.9999999999071226
486.25,0.9999999999082305
486.5,0.9999999999093252
486.75,0.9999999999104068
487.0,0.9999999999114755
487.25,0.9999999999125314
487.5,0.9999999999135748
487.75,0.9999999999146056
488.0,0.9999999999156243
488.25,0.9999999999166307
488.5,0.9999999999176252
488.75,0.9999999999186078
489.0,0.9999999999195787
489.25,0.9999999999205379
489.5,0.9999999999214858
489.75,0.9999999999224223
490.0,0.9999999999233476
490.25,0.999999999924262
490.5,0.9999999999251654
490.75,0.999999999926058
491.0,0.9999999999269401
491.25,0.9999999999278115
491.5,0.9999999999286726
491.75,0.9999999999295235
492.0,0.9999999999303641
492.25,0.9999999999311948
492.5,0.9999999999320155
492.75,0.9999999999328264
493.0,0.9999999999336276
493.25,0.9999999999344195
493.5,0.9999999999352017
493.75,0.9999999999359747
494.0,0.9999999999367383
494.25,0.9999999999374929
494.5,0.9999999999382385
494.75,0.9999999999389753
495.0,0.9999999999397031
495.25,0.9999999999404224
495.5,0.9999999999411331
495.75,0.9999999999418352
496.0,0.9999999999425291
496.25,0.9999999999432145
496.5,0.9999999999438919
496.75,0.9999999999445612
497.0,0.9999999999452225
497.25,0.9999999999458759
497.5,0.9999999999465214
497.75,0.9999999999471594
498.0,0.9999999999477897
498.25,0.9999999999484125
498.5,0.9999999999490279
498.75,0.9999999999496358
499.0,0.9999999999502366
499.25,0.9999999999508302
499.5,0.9999999999514168
499.75,0.9999999999519962
500.0,0.9999999999525688
